Workbook
Name FID_1: [1]AGR_Fuels!$A$2

Sheet EB1
X1: Default Units | Y1: Currency | Z1: Activity | AA1: Emissions
D2: COA | E2: GAS | F2: OIL | G2: DSL | H2: KER | I2: LPG | J2: GSL | K2: NAP | L2: HFO | M2: OPP | N2: NUC | O2: BIO | P2: HYD | Q2: WIN | R2: SOL | S2: SLU | T2: HET | U2: ELC | Y2: M$2021 | Z2: PJ | AA2: kt
C3: REG1 | D3: Solid Fuels | E3: Natural Gas | F3: Crude Oil | G3: Diesel oil | H3: Kerosenes | I3: LPG | J3: Motor spirit | K3: Naphtha | L3: Heavy Fuel Oil | M3: Other Petroleum Products | N3: Nuclear Energy | O3: Biomass | P3: Hydro power | Q3: Wind energy | R3: Solar energy | S3: Industrial Wastes | T3: Derived Heat | U3: Electricity | V3: Total
C4: PRIMARY
B5: MIN | C5: Domestic Supply | D5: =[2]EB1!D5 -> 0.49906656 | E5: =[2]EB1!E5 -> 0 | F5: =[2]EB1!F5 -> 0 | G5: =[2]EB1!G5 -> 0.005359104 | H5: =[2]EB1!H5 -> 0 | I5: =[2]EB1!I5 -> 0 | J5: =[2]EB1!J5 -> 0 | K5: =[2]EB1!K5 -> 0 | ... U5: =[2]EB1!U5 -> 0 | V5: =SUM(D5:U5) -> 120.44662
B6: IMP | C6: Imports | D6: =[2]EB1!D6 -> 60.137102 | E6: =[2]EB1!E6 -> 0 | F6: =[2]EB1!F6 -> 0 | G6: =[2]EB1!G6 -> 77.623691 | H6: =[2]EB1!H6 -> 2.2344952 | I6: =[2]EB1!I6 -> 15.400306 | J6: =[2]EB1!J6 -> 31.063544 | K6: =[2]EB1!K6 -> 0 | ... U6: =[2]EB1!U6 -> 12.188612 | V6: =SUM(D6:U6) -> 212.69698
B7: EXP | C7: Exports | D7: =[2]EB1!D7 -> 0 | E7: =[2]EB1!E7 -> 0 | F7: =[2]EB1!F7 -> 0 | G7: =[2]EB1!G7 -> 0 | H7: =[2]EB1!H7 -> 0 | I7: =[2]EB1!I7 -> 0 | J7: =[2]EB1!J7 -> 0 | K7: =[2]EB1!K7 -> 0 | ... U7: =[2]EB1!U7 -> 0 | V7: =SUM(D7:U7) -> -0.005400972
B8: TPS | C8: Total Primary Supply | D8: =SUM(D5:D7) -> 60.636168 | E8: =SUM(E5:E7) -> 0 | F8: =SUM(F5:F7) -> 0 | G8: =SUM(G5:G7) -> 77.62905 | H8: =SUM(H5:H7) -> 2.2344952 | I8: =SUM(I5:I7) -> 15.400306 | J8: =SUM(J5:J7) -> 31.063544 | K8: =SUM(K5:K7) -> 0 | ... O8: =SUM(O5:O7) -> 99.35402 | S8: =SUM(S5:S7) -> 0.000293076 | T8: =SUM(T5:T7) -> 0.001004832 | U8: =SUM(U5:U7) -> 12.188612 | V8: =SUM(V5:V7) -> 333.13819
C9: CONVERSION
B10: ESC | C10: Energy Sector Consumption | D10: =[2]EB1!D10 -> -0.2244443 | E10: =[2]EB1!E10 -> 0 | F10: =[2]EB1!F10 -> 0 | G10: =[2]EB1!G10 -> 0 | H10: =[2]EB1!H10 -> -0.001800324 | I10: =[2]EB1!I10 -> 0 | J10: =[2]EB1!J10 -> 0 | K10: =[2]EB1!K10 -> 0 | ... U10: =[2]EB1!U10 -> 0 | V10: =SUM(D10:U10) -> -0.25197837
B11: ELC | C11: Electricity Plants | D11: =[2]EB1!D11 -> -37.407383 | E11: =[2]EB1!E11 -> 0 | F11: =[2]EB1!F11 -> 0 | G11: =[2]EB1!G11 -> 0 | H11: =[2]EB1!H11 -> 0 | I11: =[2]EB1!I11 -> 0 | J11: =[2]EB1!J11 -> 0 | K11: =[2]EB1!K11 -> 0 | ... U11: =[2]EB1!U11 -> 36.392922 | V11: =SUM(D11:U11) -> -25.89159
B12: HPL | C12: Heat Plants | D12: =[2]EB1!D12 -> 0 | E12: =[2]EB1!E12 -> 0 | F12: =[2]EB1!F12 -> 0 | G12: =[2]EB1!G12 -> 0 | H12: =[2]EB1!H12 -> 0 | I12: =[2]EB1!I12 -> -0.019552356 | J12: =[2]EB1!J12 -> 0 | K12: =[2]EB1!K12 -> 0 | ... U12: =[2]EB1!U12 -> 0 | V12: =SUM(D12:U12) -> -0.019552356
B13: REF | C13: Petroleum Refineries | D13: =[2]EB1!D13 -> 0 | E13: =[2]EB1!E13 -> 0 | F13: =[2]EB1!F13 -> 0 | G13: =[2]EB1!G13 -> 0 | H13: =[2]EB1!H13 -> 0 | I13: =[2]EB1!I13 -> 0 | J13: =[2]EB1!J13 -> 0 | K13: =[2]EB1!K13 -> 0 | ... U13: =[2]EB1!U13 -> 0 | V13: =SUM(D13:U13) -> 0
C14: Total Conversion | D14: =SUM(D10:D13) -> -37.631828 | E14: =SUM(E10:E13) -> 0 | F14: =SUM(F10:F13) -> 0 | G14: =SUM(G10:G13) -> 0 | H14: =SUM(H10:H13) -> -0.001800324 | I14: =SUM(I10:I13) -> -0.019552356 | J14: =SUM(J10:J13) -> 0 | K14: =SUM(K10:K13) -> 0 | ... O14: =SUM(O10:O13) -> 0.27588081 | S14: =SUM(S10:S13) -> 0 | T14: =SUM(T10:T13) -> 0 | U14: =SUM(U10:U13) -> 36.392922 | V14: =SUM(V10:V13) -> -26.163121
C17: Data used in the template to buld the model
D20: COA | E20: GAS | F20: OIL
C21: Domestic Supply Curve Share - Step 1 | D21: 1 | E21: 1 | F21: 1
C22: Domestic Supply Curve Share - Step 2 | D22: 0 | E22: 0 | F22: 0

Sheet RES_PRI
B3: Reference Energy System (from VEDA-FE Go-To RES feature)
D5: PRI template
D6: Primary Supply (Mining, Import/Export) | M6: Conversion (Refinery)
M7: Petroleoum Products Imp/Exp

Sheet Pri_COA
B1: Sector Name | C1: Commodity | D1: Description | E1: Default Unit | F1: Currency Unit
C2: ='EB1'!D2 -> COA | D2: ='EB1'!D3 -> Solid Fuels | E2: ='EB1'!Z2 -> PJ | F2: ='EB1'!Y2 -> M$2021 | I2: ~FI_Comm
I3: Csets | J3: Region | K3: CommName | L3: CommDesc | M3: Unit | N3: LimType | O3: CTSLvl | P3: PeakTS | Q3: Ctype
I4: *Commodity Set Membership | J4: Region Name | K4: Commodity Name | L4: Commodity Description | M4: Unit | N4: Sense of the Balance EQN. | O4: Timeslice Level | P4: Peak Monitoring | Q4: Electricity Indicator
I5: NRG | K5: =C2 -> COA | L5: =D2 -> Solid Fuels | M5: =$E$2 -> PJ
D7: ~FI_T | I7: ~FI_Process
B8: TechName | C8: Comm-IN | D8: Comm-OUT | E8: CUM | F8: COST | G8: ACT_BND | I8: Sets | J8: Region | K8: TechName | L8: TechDesc | M8: Tact | N8: Tcap | O8: Tslvl | P8: PrimaryCG | Q8: Vintage
B9: *Technology Name | C9: Input Commodity | D9: Output Commodity | E9: Reserves Cumulative Value | F9: Cost | G9: Annual Production Bound | I9: *Process Set Membership | J9: Region Name | K9: Technology Name | L9: Technology Description | M9: Activity Unit | N9: Capacity Unit | O9: TimeSlice level of Process Activity | P9: Primary Commodity Group | Q9: Vintage Tracking
B10: *Units | E10: =$E$2 -> PJ | F10: =$F$2&"/"&$E$2 -> M$2021/PJ | G10: =$E$2 -> PJ | I10: *
B11: =K11 -> MINCOA1 | D11: =$K$5 -> COA | E11: 0.4 | F11: 2 | G11: ='EB1'!$D$5*'EB1'!D21 -> 0.49906656 | I11: ='EB1'!$B$5 -> MIN | K11: =$I$11&$C$2&1 -> MINCOA1 | L11: ="Domestic Supply of "&$D$2& " Step "&RIGHT(K11,1) -> Domestic Supply of Solid Fuels Step 1 | M11: =$E$2 -> PJ | N11: =$E$2&"a" -> PJa
B12: =K12 -> IMPCOA1 | D12: =$K$5 -> COA | F12: 2.75 | I12: ='EB1'!$B$6 -> IMP | K12: =$I$12&$C$2&1 -> IMPCOA1 | L12: ="Import of "&$D$2& " Step "&RIGHT(K12,1) -> Import of Solid Fuels Step 1 | M12: =$E$2 -> PJ | N12: =$E$2&"a" -> PJa
B13: =K13 -> EXPCOA1 | C13: =$K$5 -> COA | G13: =-'EB1'!D7 -> 0 | I13: ='EB1'!B7 -> EXP | K13: =$I$13&$C$2&1 -> EXPCOA1 | L13: ="Export of "&$D$2& " Step "&RIGHT(K13,1) -> Export of Solid Fuels Step 1 | M13: =$E$2 -> PJ | N13: =$E$2&"a" -> PJa
C23: User inputs
C24: Linked to the Energy Balance

Sheet Pri_GAS
B1: Sector Name | C1: Commodity | D1: Description | E1: Default Unit | F1: Currency Unit
C2: ='EB1'!E2 -> GAS | D2: ='EB1'!E3 -> Natural Gas | E2: ='EB1'!Z2 -> PJ | F2: ='EB1'!Y2 -> M$2021 | I2: ~FI_Comm
I3: Csets | J3: Region | K3: CommName | L3: CommDesc | M3: Unit | N3: LimType | O3: CTSLvl | P3: PeakTS | Q3: Ctype
I4: *Commodity Set Membership | J4: Region Name | K4: Commodity Name | L4: Commodity Description | M4: Unit | N4: Sense of the Balance EQN. | O4: Timeslice Level | P4: Peak Monitoring | Q4: Electricity Indicator
I5: NRG | K5: =C2 -> GAS | L5: =D2 -> Natural Gas | M5: =$E$2 -> PJ
D7: ~FI_T | I7: ~FI_Process
B8: TechName | C8: Comm-IN | D8: Comm-OUT | E8: CUM | F8: COST | G8: ACT_BND | I8: Sets | J8: Region | K8: TechName | L8: TechDesc | M8: Tact | N8: Tcap | O8: Tslvl | P8: PrimaryCG | Q8: Vintage
B9: *Technology Name | C9: Input Commodity | D9: Output Commodity | E9: Reserves Cumulative Value | F9: Cost | G9: Annual Production Bound | I9: *Process Set Membership | J9: Region Name | K9: Technology Name | L9: Technology Description | M9: Activity Unit | N9: Capacity Unit | O9: TimeSlice level of Process Activity | P9: Primary Commodity Group | Q9: Vintage Tracking
B10: *Units | E10: =$E$2 -> PJ | F10: =$F$2&"/"&$E$2 -> M$2021/PJ | G10: =$E$2 -> PJ | I10: *
B11: =K11 -> MINGAS1 | D11: =$K$5 -> GAS | G11: ='EB1'!$E$5*'EB1'!E21 -> 0 | I11: ='EB1'!$B$5 -> MIN | K11: =$I$11&$C$2&1 -> MINGAS1 | L11: ="Domestic Supply of "&$D$2& " Step "&RIGHT(K11,1) -> Domestic Supply of Natural Gas Step 1 | M11: =$E$2 -> PJ | N11: =$E$2&"a" -> PJa
B12: =K12 -> MINGAS2 | D12: =$K$5 -> GAS | G12: ='EB1'!$E$5*'EB1'!E22 -> 0 | K12: =$I$11&$C$2&2 -> MINGAS2 | L12: ="Domestic Supply of "&$D$2& " Step "&RIGHT(K12,1) -> Domestic Supply of Natural Gas Step 2 | M12: =$E$2 -> PJ | N12: =$E$2&"a" -> PJa
B13: =K13 -> MINGAS3 | D13: =$K$5 -> GAS | G13: 0 | K13: =$I$11&$C$2&3 -> MINGAS3 | L13: ="Domestic Supply of "&$D$2& " Step "&RIGHT(K13,1) -> Domestic Supply of Natural Gas Step 3 | M13: =$E$2 -> PJ | N13: =$E$2&"a" -> PJa
B14: =K14 -> IMPGAS1 | D14: =$K$5 -> GAS | F14: 4.5 | I14: ='EB1'!$B$6 -> IMP | K14: =$I$14&$C$2&1 -> IMPGAS1 | L14: ="Import of "&$D$2& " Step "&RIGHT(K14,1) -> Import of Natural Gas Step 1 | M14: =$E$2 -> PJ | N14: =$E$2&"a" -> PJa
B15: =K15 -> EXPGAS1 | C15: =$K$5 -> GAS | G15: =-'EB1'!E7 -> 0 | I15: ='EB1'!B7 -> EXP | K15: =$I$15&$C$2&1 -> EXPGAS1 | L15: ="Export of "&$D$2& " Step "&RIGHT(K15,1) -> Export of Natural Gas Step 1 | M15: =$E$2 -> PJ | N15: =$E$2&"a" -> PJa
C22: User inputs
C23: Linked to the Energy Balance

Sheet Pri_OIL
B1: Sector Name | C1: Commodity | D1: Description | E1: Default Unit | F1: Currency Unit
C2: ='EB1'!F2 -> OIL | D2: ='EB1'!F3 -> Crude Oil | E2: ='EB1'!Z2 -> PJ | F2: ='EB1'!Y2 -> M$2021 | I2: ~FI_Comm
I3: Csets | J3: Region | K3: CommName | L3: CommDesc | M3: Unit | N3: LimType | O3: CTSLvl | P3: PeakTS | Q3: Ctype
I4: *Commodity Set Membership | J4: Region Name | K4: Commodity Name | L4: Commodity Description | M4: Unit | N4: Sense of the Balance EQN. | O4: Timeslice Level | P4: Peak Monitoring | Q4: Electricity Indicator
I5: NRG | K5: =C2 -> OIL | L5: =D2 -> Crude Oil | M5: =$E$2 -> PJ
D7: ~FI_T | I7: ~FI_Process
B8: TechName | C8: Comm-IN | D8: Comm-OUT | E8: CUM | F8: COST | G8: ACT_BND | I8: Sets | J8: Region | K8: TechName | L8: TechDesc | M8: Tact | N8: Tcap | O8: Tslvl | P8: PrimaryCG | Q8: Vintage
B9: *Technology Name | C9: Input Commodity | D9: Output Commodity | E9: Reserves Cumulative Value | F9: Cost | G9: Annual Production Bound | I9: *Process Set Membership | J9: Region Name | K9: Technology Name | L9: Technology Description | M9: Activity Unit | N9: Capacity Unit | O9: TimeSlice level of Process Activity | P9: Primary Commodity Group | Q9: Vintage Tracking
B10: *Units | E10: =$E$2 -> PJ | F10: =$F$2&"/"&$E$2 -> M$2021/PJ | G10: =$E$2 -> PJ | I10: *
B11: =K11 -> MINOIL1 | D11: =$K$5 -> OIL | G11: ='EB1'!$F$5*'EB1'!F21 -> 0 | I11: ='EB1'!$B$5 -> MIN | K11: =$I$11&$C$2&1 -> MINOIL1 | L11: ="Domestic Supply of "&$D$2& " Step "&RIGHT(K11,1) -> Domestic Supply of Crude Oil Step 1 | M11: =$E$2 -> PJ | N11: =$E$2&"a" -> PJa
B12: =K12 -> MINOIL2 | D12: =$K$5 -> OIL | G12: ='EB1'!$F$5*'EB1'!F22 -> 0 | K12: =$I$11&$C$2&2 -> MINOIL2 | L12: ="Domestic Supply of "&$D$2& " Step "&RIGHT(K12,1) -> Domestic Supply of Crude Oil Step 2 | M12: =$E$2 -> PJ | N12: =$E$2&"a" -> PJa
B13: =K13 -> MINOIL3 | D13: =$K$5 -> OIL | K13: =$I$11&$C$2&3 -> MINOIL3 | L13: ="Domestic Supply of "&$D$2& " Step "&RIGHT(K13,1) -> Domestic Supply of Crude Oil Step 3 | M13: =$E$2 -> PJ | N13: =$E$2&"a" -> PJa
B14: =K14 -> IMPOIL1 | D14: =$K$5 -> OIL | I14: ='EB1'!$B$6 -> IMP | K14: =$I$14&$C$2&1 -> IMPOIL1 | L14: ="Import of "&$D$2& " Step "&RIGHT(K14,1) -> Import of Crude Oil Step 1 | M14: =$E$2 -> PJ | N14: =$E$2&"a" -> PJa
B15: =K15 -> EXPOIL1 | C15: =$K$5 -> OIL | F15: 8 | G15: =-'EB1'!F7 -> 0 | I15: ='EB1'!B7 -> EXP | K15: =$I$15&$C$2&1 -> EXPOIL1 | L15: ="Export of "&$D$2& " Step "&RIGHT(K15,1) -> Export of Crude Oil Step 1 | M15: =$E$2 -> PJ | N15: =$E$2&"a" -> PJa
C23: User inputs
C24: Linked to the Energy Balance

Sheet Pri_RNW
B1: Sector Name | C1: Commodity | D1: Description | E1: Default Unit | F1: Currency Unit
C2: ='EB1'!O2 -> BIO | D2: ='EB1'!O3 -> Biomass | E2: ='EB1'!$Z$2 -> PJ | F2: ='EB1'!Y2 -> M$2021 | H2: ~FI_Comm
C3: ='EB1'!P2 -> HYD | D3: ='EB1'!P3 -> Hydro power | E3: ='EB1'!$Z$2 -> PJ | H3: Csets | I3: Region | J3: CommName | K3: CommDesc | L3: Unit | M3: LimType | N3: CTSLvl | O3: PeakTS | P3: Ctype
C4: ='EB1'!Q2 -> WIN | D4: ='EB1'!Q3 -> Wind energy | E4: ='EB1'!$Z$2 -> PJ | H4: *Commodity Set Membership | I4: Region Name | J4: Commodity Name | K4: Commodity Description | L4: Unit | M4: Sense of the Balance EQN. | N4: Timeslice Level | O4: Peak Monitoring | P4: Electricity Indicator
C5: ='EB1'!R2 -> SOL | D5: ='EB1'!R3 -> Solar energy | E5: ='EB1'!$Z$2 -> PJ | H5: NRG | J5: =C2 -> BIO | K5: =D2 -> Biomass | L5: =$E$2 -> PJ
J6: =C3 -> HYD | K6: =D3 -> Hydro power | L6: =$E$2 -> PJ
J7: =C4 -> WIN | K7: =D4 -> Wind energy | L7: =$E$2 -> PJ
J8: =C5 -> SOL | K8: =D5 -> Solar energy | L8: =$E$2 -> PJ
D10: ~FI_T | H10: ~FI_Process
B11: TechName | C11: Comm-IN | D11: Comm-OUT | E11: COST | F11: ACT_BND | H11: Sets | I11: Region | J11: TechName | K11: TechDesc | L11: Tact | M11: Tcap | N11: Tslvl | O11: PrimaryCG | P11: Vintage
B12: *Technology Name | C12: Input Commodity | D12: Output Commodity | E12: Cost | F12: Annual Production Bound | H12: *Process Set Membership | I12: Region Name | J12: Technology Name | K12: Technology Description | L12: Activity Unit | M12: Capacity Unit | N12: TimeSlice level of Process Activity | O12: Primary Commodity Group | P12: Vintage Tracking
B13: *Units | E13: =$F$2&"/"&$E$2 -> M$2021/PJ | F13: =$E$2 -> PJ | H13: *
B14: =J14 -> MINBIO1 | D14: =J5 -> BIO | E14: 4.05 | F14: 188 | H14: ='EB1'!$B$5 -> MIN | J14: =$H$14&C2&1 -> MINBIO1 | K14: ="Domestic Supply of "&D2& " Step "&RIGHT(J14,1) -> Domestic Supply of Biomass Step 1 | L14: =$E$2 -> PJ | M14: =$E$2&"a" -> PJa
B15: =J15 -> MINHYD1 | D15: =J6 -> HYD | J15: =$H$14&C3&1 -> MINHYD1 | K15: ="Domestic Supply of "&D3& " Step "&RIGHT(J15,1) -> Domestic Supply of Hydro power Step 1 | L15: =$E$2 -> PJ | M15: =$E$2&"a" -> PJa
B16: =J16 -> MINWIN1 | D16: =J7 -> WIN | J16: =$H$14&C4&1 -> MINWIN1 | K16: ="Domestic Supply of "&D4& " Step "&RIGHT(J16,1) -> Domestic Supply of Wind energy Step 1 | L16: =$E$2 -> PJ | M16: =$E$2&"a" -> PJa
B17: =J17 -> MINSOL1 | D17: =J8 -> SOL | J17: =$H$14&C5&1 -> MINSOL1 | K17: ="Domestic Supply of "&D5& " Step "&RIGHT(J17,1) -> Domestic Supply of Solar energy Step 1 | L17: =$E$2 -> PJ | M17: =$E$2&"a" -> PJa
C20: User inputs
C21: Linked to the Energy Balance

Sheet Pri_PP
B1: Sector Name | C1: Commodity | D1: Description | E1: Default Unit | F1: Currency Unit
B2: PRI | C2: ='EB1'!G$2 -> DSL | D2: ='EB1'!G$3 -> Diesel oil | E2: ='EB1'!$Z$2 -> PJ | F2: ='EB1'!Y2 -> M$2021 | H2: ~FI_Comm
C3: ='EB1'!H$2 -> KER | D3: ='EB1'!H$3 -> Kerosenes | E3: ='EB1'!$Z$2 -> PJ | H3: Csets | I3: Region | J3: CommName | K3: CommDesc | L3: Unit | M3: LimType | N3: CTSLvl | O3: PeakTS | P3: Ctype
C4: ='EB1'!I$2 -> LPG | D4: ='EB1'!I$3 -> LPG | E4: ='EB1'!$Z$2 -> PJ | H4: *Commodity Set Membership | I4: Region Name | J4: Commodity Name | K4: Commodity Description | L4: Unit | M4: Sense of the Balance EQN. | N4: Timeslice Level | O4: Peak Monitoring | P4: Electricity Indicator
C5: ='EB1'!J$2 -> GSL | D5: ='EB1'!J$3 -> Motor spirit | E5: ='EB1'!$Z$2 -> PJ | H5: NRG | J5: =C2 -> DSL | K5: =D2 -> Diesel oil | L5: =$E$2 -> PJ
C6: ='EB1'!K$2 -> NAP | D6: ='EB1'!K$3 -> Naphtha | E6: ='EB1'!$Z$2 -> PJ | J6: =C3 -> KER | K6: =D3 -> Kerosenes | L6: =$E$2 -> PJ
C7: ='EB1'!L$2 -> HFO | D7: ='EB1'!L$3 -> Heavy Fuel Oil | E7: ='EB1'!$Z$2 -> PJ | J7: =C4 -> LPG | K7: =D4 -> LPG | L7: =$E$2 -> PJ
C8: ='EB1'!M$2 -> OPP | D8: ='EB1'!M$3 -> Other Petroleum Products | E8: ='EB1'!$Z$2 -> PJ | J8: =C5 -> GSL | K8: =D5 -> Motor spirit | L8: =$E$2 -> PJ
J9: =C6 -> NAP | K9: =D6 -> Naphtha | L9: =$E$2 -> PJ
J10: =C7 -> HFO | K10: =D7 -> Heavy Fuel Oil | L10: =$E$2 -> PJ
J11: =C8 -> OPP | K11: =D8 -> Other Petroleum Products | L11: =$E$2 -> PJ
D13: ~FI_T | H13: ~FI_Process
B14: TechName | C14: Comm-IN | D14: Comm-OUT | E14: COST | F14: ACT_BND | H14: Sets | I14: Region | J14: TechName | K14: TechDesc | L14: Tact | M14: Tcap | N14: Tslvl | O14: PrimaryCG | P14: Vintage
B15: *Technology Name | C15: Input Commodity | D15: Output Commodity | E15: Cost | F15: Annual Production Bound | H15: *Process Set Membership | I15: Region Name | J15: Technology Name | K15: Technology Description | L15: Activity Unit | M15: Capacity Unit | N15: TimeSlice level of Process Activity | O15: Primary Commodity Group | P15: Vintage Tracking
B16: *Units | E16: =$F$2&"/"&$E$2 -> M$2021/PJ | F16: =$E$2 -> PJ | H16: *
B17: =J17 -> IMPDSL1 | D17: =C2 -> DSL | E17: 22.5 | H17: ='EB1'!$B$6 -> IMP | J17: =$H$17&C2&1 -> IMPDSL1 | K17: ="Import of "&D2& " Step "&RIGHT(J17,1) -> Import of Diesel oil Step 1 | L17: =$E$2 -> PJ
B18: =J18 -> IMPKER1 | D18: =C3 -> KER | E18: 23.4 | J18: =$H$17&C3&1 -> IMPKER1 | K18: ="Import of "&D3& " Step "&RIGHT(J18,1) -> Import of Kerosenes Step 1 | L18: =$E$2 -> PJ
B19: =J19 -> IMPLPG1 | D19: =C4 -> LPG | E19: 15.4 | J19: =$H$17&C4&1 -> IMPLPG1 | K19: ="Import of "&D4& " Step "&RIGHT(J19,1) -> Import of LPG Step 1 | L19: =$E$2 -> PJ
B20: =J20 -> IMPGSL1 | D20: =C5 -> GSL | E20: 20.8 | J20: =$H$17&C5&1 -> IMPGSL1 | K20: ="Import of "&D5& " Step "&RIGHT(J20,1) -> Import of Motor spirit Step 1 | L20: =$E$2 -> PJ
B21: =J21 -> IMPNAP1 | D21: =C6 -> NAP | E21: 12.6 | J21: =$H$17&C6&1 -> IMPNAP1 | K21: ="Import of "&D6& " Step "&RIGHT(J21,1) -> Import of Naphtha Step 1 | L21: =$E$2 -> PJ
B22: =J22 -> IMPHFO1 | D22: =C7 -> HFO | E22: 13.5 | J22: =$H$17&C7&1 -> IMPHFO1 | K22: ="Import of "&D7& " Step "&RIGHT(J22,1) -> Import of Heavy Fuel Oil Step 1 | L22: =$E$2 -> PJ
B23: =J23 -> IMPOPP1 | D23: =C8 -> OPP | E23: 14.5 | J23: =$H$17&C8&1 -> IMPOPP1 | K23: ="Import of "&D8& " Step "&RIGHT(J23,1) -> Import of Other Petroleum Products Step 1 | L23: =$E$2 -> PJ
B24: =J24 -> EXPDSL1 | C24: =C2 -> DSL | F24: =-'EB1'!G$7 -> 0 | H24: ='EB1'!B7 -> EXP | J24: =$H$24&C2&1 -> EXPDSL1 | K24: ="Export of "&D2& " Step "&RIGHT(J24,1) -> Export of Diesel oil Step 1 | L24: =$E$2 -> PJ
B25: =J25 -> EXPKER1 | C25: =C3 -> KER | F25: =-'EB1'!H$7 -> 0 | J25: =$H$24&C3&1 -> EXPKER1 | K25: ="Export of "&D3& " Step "&RIGHT(J25,1) -> Export of Kerosenes Step 1 | L25: =$E$2 -> PJ
B26: =J26 -> EXPLPG1 | C26: =C4 -> LPG | F26: =-'EB1'!I$7 -> 0 | J26: =$H$24&C4&1 -> EXPLPG1 | K26: ="Export of "&D4& " Step "&RIGHT(J26,1) -> Export of LPG Step 1 | L26: =$E$2 -> PJ
B27: =J27 -> EXPGSL1 | C27: =C5 -> GSL | F27: =-'EB1'!J$7 -> 0 | J27: =$H$24&C5&1 -> EXPGSL1 | K27: ="Export of "&D5& " Step "&RIGHT(J27,1) -> Export of Motor spirit Step 1 | L27: =$E$2 -> PJ
B28: =J28 -> EXPNAP1 | C28: =C6 -> NAP | F28: =-'EB1'!K$7 -> 0 | J28: =$H$24&C6&1 -> EXPNAP1 | K28: ="Export of "&D6& " Step "&RIGHT(J28,1) -> Export of Naphtha Step 1 | L28: =$E$2 -> PJ
B29: =J29 -> EXPHFO1 | C29: =C7 -> HFO | F29: =-'EB1'!L$7 -> 0 | J29: =$H$24&C7&1 -> EXPHFO1 | K29: ="Export of "&D7& " Step "&RIGHT(J29,1) -> Export of Heavy Fuel Oil Step 1 | L29: =$E$2 -> PJ
B30: =J30 -> EXPOPP1 | C30: =C8 -> OPP | F30: =-'EB1'!M$7 -> 0 | J30: =$H$24&C8&1 -> EXPOPP1 | K30: ="Export of "&D8& " Step "&RIGHT(J30,1) -> Export of Other Petroleum Products Step 1 | L30: =$E$2 -> PJ
C35: User inputs
C36: Linked to the Energy Balance

Sheet Pri_ELC
B1: Sector Name | C1: Commodity | D1: Description | E1: Default Unit | F1: Currency Unit
B2: PRI | C2: ='EB1'!U$2 -> ELC | D2: ='EB1'!U$3 -> Electricity | E2: ='EB1'!$Z$2 -> PJ | F2: ='EB1'!Y2 -> M$2021 | H2: ~FI_Comm
H3: Csets | I3: Region | J3: CommName | K3: CommDesc | L3: Unit | M3: LimType | N3: CTSLvl | O3: PeakTS | P3: Ctype
H4: *Commodity Set Membership | I4: Region Name | J4: Commodity Name | K4: Commodity Description | L4: Unit | M4: Sense of the Balance EQN. | N4: Timeslice Level | O4: Peak Monitoring | P4: Electricity Indicator
D11: ~FI_T | H11: ~FI_Process
B12: TechName | C12: Comm-IN | D12: Comm-OUT | E12: COST | F12: ACT_BND | H12: Sets | I12: Region | J12: TechName | K12: TechDesc | L12: Tact | M12: Tcap | N12: Tslvl | O12: PrimaryCG | P12: Vintage
B13: *Technology Name | C13: Input Commodity | D13: Output Commodity | E13: Cost | F13: Annual Production Bound | H13: *Process Set Membership | I13: Region Name | J13: Technology Name | K13: Technology Description | L13: Activity Unit | M13: Capacity Unit | N13: TimeSlice level of Process Activity | O13: Primary Commodity Group | P13: Vintage Tracking
B14: *Units | E14: =$F$2&"/"&$E$2 -> M$2021/PJ | F14: =$E$2 -> PJ | H14: *
B15: =J15 -> IMPELCVN | D15: =C$2 -> ELC | E15: 35.75 | F15: 8.91 | H15: ='EB1'!$B$6 -> IMP | J15: =$H$15&C$2&"VN" -> IMPELCVN | K15: ="Import of "&D$2& " Step "&RIGHT(J15,2) -> Import of Electricity Step VN | L15: =$E$2 -> PJ | N15: DAYNITE
B16: =J16 -> IMPELCTH | D16: =C$2 -> ELC | E16: 31.83 | F16: 7.43164 | H16: ='EB1'!$B$6 -> IMP | J16: =$H$15&C$2&"TH" -> IMPELCTH | K16: ="Import of "&D$2& " Step "&RIGHT(J16,2) -> Import of Electricity Step TH | L16: =$E$2 -> PJ | N16: DAYNITE
B17: =J17 -> IMPELCLAO | D17: =C$2 -> ELC | E17: 22.5 | F17: 9.9428 | H17: ='EB1'!$B$6 -> IMP | J17: =$H$15&C$2&"LAO" -> IMPELCLAO | K17: ="Import of "&D$2& " Step "&RIGHT(J17,3) -> Import of Electricity Step LAO | L17: =$E$2 -> PJ | N17: DAYNITE
B18: =J18 -> EXPELC1 | C18: =C2 -> ELC | F18: =-'EB1'!U$7 -> 0 | H18: ='EB1'!B7 -> EXP | J18: =$H$18&C2&1 -> EXPELC1 | K18: ="Export of "&D2& " Step "&RIGHT(J18,1) -> Export of Electricity Step 1 | L18: =$E$2 -> PJ | N18: DAYNITE
C23: User inputs
C24: Linked to the Energy Balance

Sheet Con_REF
B1: Sector Name | C1: Description | D1: Type | E1: Activity Unit | F1: Capacity unit | G1: Currency Unit | H1: Existing
B2: REF | C2: Refinery | D2: Refinery | E2: ='EB1'!Z2 -> PJ | F2: Pja | G2: ='EB1'!Y2 -> M$2021 | H2: E | J2: ~FI_Comm
J3: Csets | K3: Region | L3: CommName | M3: CommDesc | N3: Unit | O3: LimType | P3: CTSLvl | Q3: PeakTS | R3: Ctype
J4: *Commodity Set Membership | K4: Region Name | L4: Commodity Name | M4: Commodity Description | N4: Unit | O4: Sense of the Balance EQN. | P4: Timeslice Level | Q4: Peak Monitoring | R4: Electricity Indicator
D8: ~FI_T | J8: ~FI_Process
B9: TechName | C9: Comm-IN | D9: Comm-OUT | E9: Share-O~UP | F9: EFF | G9: ACT_BND | J9: Sets | K9: Region | L9: TechName | M9: TechDesc | N9: Tact | O9: Tcap | P9: Tslvl | Q9: PrimaryCG | R9: Vintage
B10: *Technology Name | C10: Input Commodity | D10: Output Commodity | E10: Output Share | F10: Efficiency | G10: Activity Bound | J10: *Process Set Membership | K10: Region Name | L10: Technology Name | M10: Technology Description | N10: Activity Unit | O10: Capacity Unit | P10: TimeSlice level of Process Activity | Q10: Primary Commodity Group | R10: Vintage Tracking
B11: *Units | E11: =$F$2 -> Pja | J11: *
B12: =L12 -> REFEOIL00 | C12: ='EB1'!F2 -> OIL | D12: ='EB1'!G2 -> DSL | G12: =SUM('EB1'!G13:M13) -> 0 | J12: PRE | L12: =$B$2&$H$2&'EB1'!F2&"00" -> REFEOIL00 | M12: =$D$2&" "&$H$1&RIGHT(L12,2) -> Refinery Existing00 | N12: =$E$2 -> PJ | O12: =$F$2 -> Pja | Q12: NRGI
D13: ='EB1'!H2 -> KER
D14: ='EB1'!I2 -> LPG
D15: ='EB1'!J2 -> GSL
D16: ='EB1'!K2 -> NAP
D17: ='EB1'!L2 -> HFO
D18: ='EB1'!M2 -> OPP
C23: User inputs
C24: Linked to the Energy Balance

Sheet TOTCO2
B4: ~COMAGG
B5: CommName | C5: AGRCO2 | D5: COMCO2 | E5: RSDCO2 | F5: ELCCO2 | G5: TRACO2 | H5: INDCO2
B6: TOTCO2 | C6: 1 | D6: 1 | E6: 1 | F6: 1 | G6: 1 | H6: 1
B9: ~FI_Comm
B10: Csets | C10: Region | D10: CommName | E10: CommDesc | F10: Unit | G10: LimType | H10: CTSLvl | I10: PeakTS | J10: Ctype
B11: *Commodity Set Membership | C11: Region Name | D11: Commodity Name | E11: Commodity Description | F11: Unit | G11: Sense of the Balance EQN. | H11: Timeslice Level | I11: Peak Monitoring | J11: Electricity Indicator
B12: ENV | D12: =B6 -> TOTCO2 | E12: Total CO2 | F12: ='EB1'!AA2 -> kt
