Workbook
Name FID_1: [1]AGR_Fuels!$A$2

Sheet EB1
X1: Default Units | Y1: Currency | Z1: Activity | AA1: Emissions
D2: COA | E2: GAS | F2: OIL | G2: DSL | H2: KER | I2: LPG | J2: GSL | K2: NAP | L2: HFO | M2: OPP | N2: NUC | O2: BIO | P2: HYD | Q2: WIN | R2: SOL | S2: SLU | T2: HET | U2: ELC | V2: TOT | Y2: M$2021 | Z2: PJ | AA2: kt
C3: REG1 | D3: Solid Fuels | E3: Natural Gas | F3: Crude oil | G3: Diesel oil | H3: Kerosenes | I3: LPG | J3: Motor spirit | K3: Naphtha | L3: Heavy Fuel Oil | M3: Other Petroleum Products | N3: Nuclear Energy | O3: Biofuels | P3: Hydro power | Q3: Wind energy | R3: Solar energy | S3: Industrial Wastes | T3: Derived Heat | U3: Electricity | V3: Total
C4: FINAL
B5: RSD | C5: Residential | D5: =[2]EB1!D16 -> 0 | E5: =[2]EB1!E16 -> 0 | F5: =[2]EB1!F16 -> 0 | G5: =[2]EB1!G16 -> 0 | H5: =[2]EB1!H16 -> 0 | I5: =[2]EB1!I16 -> 8.7784636 | J5: =[2]EB1!J16 -> 0 | K5: =[2]EB1!K16 -> 0 | ... U5: =[2]EB1!U16 -> 15.231997 | V5: =SUM(D5:U5) -> 53.616579
B6: COM | C6: Commercial | D6: =[2]EB1!D17 -> 0 | E6: =[2]EB1!E17 -> 0 | F6: =[2]EB1!F17 -> 0 | G6: =[2]EB1!G17 -> 0 | H6: =[2]EB1!H17 -> 0 | I6: =[2]EB1!I17 -> 5.359104 | J6: =[2]EB1!J17 -> 0 | K6: =[2]EB1!K17 -> 0 | ... U6: =[2]EB1!U17 -> 11.973411 | V6: =SUM(D6:U6) -> 17.352779
B7: IND | C7: Industry | D7: =[2]EB1!D18 -> 20.329845 | E7: =[2]EB1!E18 -> 0 | F7: =[2]EB1!F18 -> 0 | G7: =[2]EB1!G18 -> 9.3960166 | H7: =[2]EB1!H18 -> 0 | I7: =[2]EB1!I18 -> 0.02847024 | J7: =[2]EB1!J18 -> 0 | K7: =[2]EB1!K18 -> 0 | ... U7: =[2]EB1!U18 -> 15.341691 | V7: =SUM(D7:U7) -> 105.16279
B8: AGR | C8: Agriculture | D8: =[2]EB1!D19 -> 0 | E8: =[2]EB1!E19 -> 0 | F8: =[2]EB1!F19 -> 0 | G8: =[2]EB1!G19 -> 8.9932464 | H8: =[2]EB1!H19 -> 0 | I8: =[2]EB1!I19 -> 0 | J8: =[2]EB1!J19 -> 0 | K8: =[2]EB1!K19 -> 0 | ... U8: =[2]EB1!U19 -> 0 | V8: =SUM(D8:U8) -> 8.9932883
B9: TRA | C9: Transport | D9: =[2]EB1!D20 -> 0 | E9: =[2]EB1!E20 -> 0 | F9: =[2]EB1!F20 -> 0 | G9: =[2]EB1!G20 -> 59.234009 | H9: =[2]EB1!H20 -> 2.9927246 | I9: =[2]EB1!I20 -> 1.2346873 | J9: =[2]EB1!J20 -> 28.510015 | K9: =[2]EB1!K20 -> 0 | ... U9: =[2]EB1!U20 -> 0 | V9: =SUM(D9:U9) -> 101.39634
B10: OTH | C10: Other | D10: =[2]EB1!D21 -> 0 | E10: =[2]EB1!E21 -> 0 | F10: =[2]EB1!F21 -> 0 | G10: =[2]EB1!G21 -> 0 | H10: =[2]EB1!H21 -> 0 | I10: =[2]EB1!I21 -> 0 | J10: =[2]EB1!J21 -> 0 | K10: =[2]EB1!K21 -> 0 | ... U10: =[2]EB1!U21 -> 0 | V10: =SUM(D10:U10) -> 9.4588186
B11: NEN | C11: Non Energy | D11: =[2]EB1!D22 -> 0 | E11: =[2]EB1!E22 -> 0 | F11: =[2]EB1!F22 -> 0 | G11: =[2]EB1!G22 -> 0 | H11: =[2]EB1!H22 -> 0 | I11: =[2]EB1!I22 -> 0 | J11: =[2]EB1!J22 -> 0 | K11: =[2]EB1!K22 -> 0 | ... U11: =[2]EB1!U22 -> 0 | V11: =SUM(D11:U11) -> 0
B12: BNK | C12: Bunkers | D12: =[2]EB1!D23 -> 0 | E12: =[2]EB1!E23 -> 0 | F12: =[2]EB1!F23 -> 0 | G12: =[2]EB1!G23 -> 0 | H12: =[2]EB1!H23 -> 0 | I12: =[2]EB1!I23 -> 0 | J12: =[2]EB1!J23 -> 0 | K12: =[2]EB1!K23 -> 0 | ... U12: =[2]EB1!U23 -> 0 | V12: =SUM(D12:U12) -> 0
B13: TFC | C13: Total Final Consumption | D13: =SUM(D5:D12) -> 20.329845 | E13: =SUM(E5:E12) -> 0 | F13: =SUM(F5:F12) -> 0 | G13: =SUM(G5:G12) -> 77.623272 | H13: =SUM(H5:H12) -> 2.9927246 | I13: =SUM(I5:I12) -> 15.400725 | J13: =SUM(J5:J12) -> 28.510015 | K13: =SUM(K5:K12) -> 0 | ... O13: =SUM(O5:O12) -> 99.079785 | S13: =SUM(S5:S12) -> 0.000293076 | T13: =SUM(T5:T12) -> 0.001004832 | U13: =SUM(U5:U12) -> 42.547099 | V13: =SUM(V5:V12) -> 295.98059
C16: Data used in the template to buld the model
B24: Sector | C24: Break-out by end-use | D24: Solid Fuels | E24: Natural Gas | F24: Crude oil | G24: Diesel oil | H24: Kerosenes | I24: LPG | J24: Motor spirit | K24: Naphtha | L24: Heavy Fuel Oil | M24: Other Petroleum Products | N24: Nuclear Energy | O24: Biomass | P24: Hydro power | Q24: Wind energy | R24: Solar energy | S24: Industrial Wastes | T24: Derived Heat | U24: Electricity | V24: Total
B25: TRA | C25: CAR | G25: 0.21 | I25: 0.12 | J25: 0.5 | M25: 0.5 | X25: Cars
B26: TRA | C26: PUB | G26: 0.12 | I26: 0.03 | X26: Pub
B27: TRA | C27: MOT | I27: 0 | J27: 0.45 | M27: 0.45 | X27: Motor
B28: TRA | C28: TRI | I28: 0.85 | J28: 0.05 | M28: 0.05 | X28: Tri_Cycles
B29: TRA | C29: FRE | G29: 0.63 | I29: 0 | X29: Freight_Truck
B30: TRA | C30: AVI | G30: 0 | H30: 1 | I30: 0 | X30: Aviation
B31: TRA | C31: RAI | G31: 0 | L31: 1 | X31: Railway
B32: TRA | C32: MAR | G32: 0.03 | J32: 0 | M32: 0 | X32: Marine
G34: =SUM(G25:G32) -> 0.99 | H34: =SUM(H25:H32) -> 1 | I34: =SUM(I25:I32) -> 1 | J34: =SUM(J25:J32) -> 1 | M34: =SUM(M25:M32) -> 1
C35: CO2 | D35: Nox | E35: VOC
B36: Emission by sector | C36: Carbon dioxide | D36: NOX | E36: VOC
B37: TRA | C37: 1

Sheet RES_TRA
B3: Reference Energy System (from VEDA-FE Go-To RES feature)
D5: Transport Demand Sectors

Sheet Sector_Fuels_TRA
B1: Sector Name | C1: Commodity | D1: Description | E1: Deafult unit | F1: Currency | G1: Existing
B2: ='EB1'!B9 -> TRA | C2: ='EB1'!C9 -> Transport | D2: Sector Fuel | E2: ='EB1'!Z2 -> PJ | F2: ='EB1'!Y2 -> M$2021 | G2: E | J2: ~FI_Comm
J3: Csets | K3: Region | L3: CommName | M3: CommDesc | N3: Unit | O3: LimType | P3: CTSLvl | Q3: PeakTS | R3: Ctype
J4: *Commodity Set Membership | K4: Region Name | L4: Commodity Name | M4: Commodity Description | N4: Unit | O4: Sense of the Balance EQN. | P4: Timeslice Level | Q4: Peak Monitoring | R4: Electricity Indicator
J5: NRG | L5: =$B$2&'EB1'!$E$2 -> TRAGAS | M5: =$C$2&" "&'EB1'!$E$3 -> Transport Natural Gas | N5: =$E$2 -> PJ
L6: =$B$2&'EB1'!$G$2 -> TRADSL | M6: =$C$2&" "&'EB1'!$G$3 -> Transport Diesel oil | N6: =$E$2 -> PJ
L7: =$B$2&'EB1'!$I$2 -> TRALPG | M7: =$C$2&" "&'EB1'!$I$3 -> Transport LPG | N7: =$E$2 -> PJ
L8: =$B$2&'EB1'!$J$2 -> TRAGSL | M8: =$C$2&" "&'EB1'!$J$3 -> Transport Motor spirit | N8: =$E$2 -> PJ
L9: TRAHFO | M9: =$C$2&" "&'EB1'!$L$3 -> Transport Heavy Fuel Oil | N9: =$E$2 -> PJ
L10: =$B$2&'EB1'!$O$2 -> TRABIO | M10: =$C$2&" "&'EB1'!O3 -> Transport Biofuels | N10: =$E$2 -> PJ
L11: =$B$2&'EB1'!$U$2 -> TRAELC | M11: =$C$2&" "&'EB1'!$U$3 -> Transport Electricity | N11: =$E$2 -> PJ | P11: DAYNITE | R11: ELC
L12: =$B$2&'EB1'!$H$2 -> TRAKER | M12: =$C$2&" "&'EB1'!$H$3 -> Transport Kerosenes | N12: =$E$2 -> PJ
D14: ~FI_T | J14: ~FI_Process
B15: TechName | C15: Comm-IN | D15: Comm-OUT | E15: Share-I~UP | F15: STOCK | G15: EFF | H15: LIFE | J15: Sets | K15: Region | L15: TechName | M15: TechDesc | N15: Tact | O15: Tcap | P15: Tslvl | Q15: PrimaryCG | R15: Vintage
B16: *Technology Name | C16: Input Commodity | D16: Output Commodity | E16: Input Share | F16: Existing Installed Capacity | G16: Efficiency | H16: Lifetime | J16: *Process Set Membership | K16: Region Name | L16: Technology Name | M16: Technology Description | N16: Activity Unit | O16: Capacity Unit | P16: TimeSlice level of Process Activity | Q16: Primary Commodity Group | R16: Vintage Tracking
B17: *Units | F17: =E2&"a" -> PJa | H17: Years | J17: *
B18: =L18 -> FTE-TRAGAS | C18: =RIGHT(D18,3) -> GAS | D18: =L5 -> TRAGAS | G18: 1 | H18: 30 | J18: PRE | L18: ="FT"&$G$2&"-"&L5 -> FTE-TRAGAS | M18: =$D$2&" Technology"&" "&$G$1&" "&M5 -> Sector Fuel Technology Existing Transport Natural Gas | N18: =$E$2 -> PJ | O18: =$E$2&"a" -> PJa
B19: =L19 -> FTE-TRADSL | C19: =RIGHT(D19,3) -> DSL | D19: =L6 -> TRADSL | G19: 1 | H19: 30 | L19: ="FT"&$G$2&"-"&L6 -> FTE-TRADSL | M19: =$D$2&" Technology"&" "&$G$1&" "&M6 -> Sector Fuel Technology Existing Transport Diesel oil | N19: =$E$2 -> PJ | O19: =$E$2&"a" -> PJa
B20: =L20 -> FTE-TRALPG | C20: =RIGHT(D20,3) -> LPG | D20: =L7 -> TRALPG | G20: 1 | H20: 30 | L20: ="FT"&$G$2&"-"&L7 -> FTE-TRALPG | M20: =$D$2&" Technology"&" "&$G$1&" "&M7 -> Sector Fuel Technology Existing Transport LPG | N20: =$E$2 -> PJ | O20: =$E$2&"a" -> PJa
B21: =L21 -> FTE-TRAGSL | C21: =RIGHT(D21,3) -> GSL | D21: =L8 -> TRAGSL | G21: 1 | H21: 30 | L21: ="FT"&$G$2&"-"&L8 -> FTE-TRAGSL | M21: =$D$2&" Technology"&" "&$G$1&" "&M8 -> Sector Fuel Technology Existing Transport Motor spirit | N21: =$E$2 -> PJ | O21: =$E$2&"a" -> PJa
B22: FTE-TRAHFO | C22: HFO | D22: =L9 -> TRAHFO | G22: 1 | H22: 30 | L22: FTE-TRAHFO | M22: Sector Fuel Technology Existing Transport HFO | N22: PJ | O22: PJa
B23: =L23 -> FTE-TRABIO | C23: =RIGHT(D23,3) -> BIO | D23: =L10 -> TRABIO | G23: 1 | H23: 30 | L23: ="FT"&$G$2&"-"&L10 -> FTE-TRABIO | M23: =$D$2&" Technology"&" "&$G$1&" "&M10 -> Sector Fuel Technology Existing Transport Biofuels | N23: =$E$2 -> PJ | O23: =$E$2&"a" -> PJa
B24: =L24 -> FTE-TRAELC | C24: =RIGHT(D24,3) -> ELC | D24: =L11 -> TRAELC | G24: 1 | H24: 30 | L24: ="FT"&$G$2&"-"&L11 -> FTE-TRAELC | M24: =$D$2&" Technology"&" "&$G$1&" "&M11 -> Sector Fuel Technology Existing Transport Electricity | N24: =$E$2 -> PJ | O24: =$E$2&"a" -> PJa | P24: DAYNITE
B25: =L25 -> FTE-TRAKER | C25: KER | D25: =L12 -> TRAKER | G25: 1 | H25: 30 | L25: ="FT"&$G$2&"-"&L12 -> FTE-TRAKER | M25: =$D$2&" Technology"&" "&$G$1&" "&M12 -> Sector Fuel Technology Existing Transport Kerosenes | N25: =$E$2 -> PJ | O25: =$E$2&"a" -> PJa
C37: User inputs
C38: Linked to the Energy Balance

Sheet DemTechs_TRA
B1: Sector Name | C1: Description | D1: Type | E1: Default Unit | F1: Currency Unit | G1: Capacity | H1: Existing
B2: ='EB1'!B9 -> TRA | C2: ='EB1'!C9 -> Transport | D2: Demand Technologies | E2: ='EB1'!Z2 -> PJ | F2: ='EB1'!Y2 -> M$2021 | G2: 000_Units | H2: E | O2: ~FI_Comm
O3: Csets | P3: Region | Q3: CommName | R3: CommDesc | S3: Unit | T3: LimType | U3: CTSLvl | V3: PeakTS | W3: Ctype
O4: *Commodity Set Membership | P4: Region Name | Q4: Commodity Name | R4: Commodity Description | S4: Unit | T4: Sense of the Balance EQN. | U4: Timeslice Level | V4: Peak Monitoring | W4: Electricity Indicator
O5: DEM | Q5: =LEFT($O$5,1)&LEFT($B$2,1)&'EB1'!$C$25 -> DTCAR | R5: =LEFT($D$2,6)&" "&$C$2& " Sector - "&'EB1'!$X$25 -> Demand Transport Sector - Cars | S5: BPkm
Q6: =LEFT($O$5,1)&LEFT($B$2,1)&'EB1'!$C$26 -> DTPUB | R6: =LEFT($D$2,6)&" "&$C$2& " Sector - "&'EB1'!$X$26 -> Demand Transport Sector - Pub | S6: BPkm
Q7: =LEFT($O$5,1)&LEFT($B$2,1)&'EB1'!$C$27 -> DTMOT | R7: =LEFT($D$2,6)&" "&$C$2& " Sector - "&'EB1'!$X$27 -> Demand Transport Sector - Motor | S7: BPkm
Q8: =LEFT($O$5,1)&LEFT($B$2,1)&'EB1'!$C$28 -> DTTRI | R8: =LEFT($D$2,6)&" "&$C$2& " Sector - "&'EB1'!$X$28 -> Demand Transport Sector - Tri_Cycles | S8: BPkm
Q9: =LEFT($O$5,1)&LEFT($B$2,1)&'EB1'!$C$29 -> DTFRE | R9: =LEFT($D$2,6)&" "&$C$2& " Sector - "&'EB1'!$X$29 -> Demand Transport Sector - Freight_Truck | S9: BPkm
Q10: =LEFT($O$5,1)&LEFT($B$2,1)&'EB1'!$C$30 -> DTAVI | R10: =LEFT($D$2,6)&" "&$C$2& " Sector - "&'EB1'!$X$30 -> Demand Transport Sector - Aviation | S10: BPkm
Q11: =LEFT($O$5,1)&LEFT($B$2,1)&'EB1'!$C$31 -> DTRAI | R11: =LEFT($D$2,6)&" "&$C$2& " Sector - "&'EB1'!$X$31 -> Demand Transport Sector - Railway | S11: BPkm
E12: =SUM(E24:E24) -> 2134.2262 | Q12: =LEFT($O$5,1)&LEFT($B$2,1)&'EB1'!$C$32 -> DTMAR | R12: =LEFT($D$2,6)&" "&$C$2& " Sector - "&'EB1'!$X$32 -> Demand Transport Sector - Marine | S12: BPkm
O13: ENV | Q13: =$B$2&'EB1'!$C$35 -> TRACO2 | R13: =$C$2&" "&'EB1'!$C$36 -> Transport Carbon dioxide | S13: ='EB1'!$AA$2 -> kt
D15: ~FI_T | O15: ~FI_Process
B16: TechName | C16: Comm-IN | D16: Comm-OUT | E16: STOCK | F16: EFF | G16: AFA | H16: ACTFLO~DEMO | I16: FIXOM | J16: LIFE | K16: CAP2ACT | M16: CALIBRATION | O16: Sets | P16: Region | Q16: TechName | R16: TechDesc | S16: Tact | T16: Tcap | U16: Tslvl | V16: PrimaryCG | W16: Vintage
B17: *Technology Name | C17: Input Commodity | D17: Output Commodity | E17: Existing Installed Capacity | F17: Efficiency | G17: Utilisation Factor | H17: Activity to Flo | I17: Fixed O&M Cost | J17: Lifetime | K17: Capacity to Activity Factor | M17: Demand | O17: *Process Set Membership | P17: Region Name | Q17: Technology Name | R17: Technology Description | S17: Activity Unit | T17: Capacity Unit | U17: TimeSlice level of Process Activity | V17: Primary Commodity Group | W17: Vintage Tracking
B18: *Units | E18: =G2 -> 000_Units | F18: BV*km/PJ | G18: '000 km | H18: Passenger/Car | I18: =$F$2&"/"&G2&"a" -> M$2021/000_Unitsa | J18: Years | K18: bvkm/mvkm | M18: BPass*km | O18: *
B19: =Q19 -> TCAREDSL | C19: =$B$2&RIGHT(B19,3) -> TRADSL | D19: =$Q$5 -> DTCAR | E19: =('EB1'!G$9*'EB1'!$G$25*F19/(K19*G19))*1.01 -> 312.18477 | F19: 0.41 | G19: 16.5 | H19: 1.25 | I19: 0.16 | J19: 10 | K19: 0.001 | M19: =E19*G19*K19*H19 -> 6.4388108 | O19: DMD | Q19: =LEFT($B$2)&'EB1'!$C$25&$H$2&'EB1'!$G$2 -> TCAREDSL | R19: =$D$2&" "&$C$2& " Sector - "&""&$H$1&" "&'EB1'!$X$25&" - "&'EB1'!$G$3 -> Demand Technologies Transport Sector - Existing Cars - Diesel oil | S19: BPkm | T19: =$G$2 -> 000_Units | V19: DEMO
B20: =Q20 -> TCARELPG | C20: =$B$2&RIGHT(B20,3) -> TRALPG | D20: =$Q$5 -> DTCAR | E20: =('EB1'!I$9*'EB1'!$I$25*F20/(K20*G20))*1.01 -> 4.0617685 | F20: 0.38 | G20: 14 | H20: 1.25 | I20: 0.16 | J20: 10 | K20: 0.001 | M20: =E20*G20*K20*H20 -> 0.071080949 | O20: DMD | Q20: =LEFT($B$2)&'EB1'!$C$25&$H$2&'EB1'!$I$2 -> TCARELPG | R20: =$D$2&" "&$C$2& " Sector - "&""&$H$1&" "&'EB1'!$X$25&" - "&'EB1'!$I$3 -> Demand Technologies Transport Sector - Existing Cars - LPG | S20: BPkm | T20: =$G$2 -> 000_Units | V20: DEMO
B21: =Q21 -> TCAREGSL | C21: =$B$2&RIGHT(B21,3) -> TRAGSL | D21: =$Q$5 -> DTCAR | E21: =('EB1'!J$9*'EB1'!$J$25*F21/(K21*G21))*1.01 -> 500.7846 | F21: 0.4 | G21: 11.5 | H21: 1.25 | I21: 0.15 | J21: 10 | K21: 0.001 | M21: =E21*G21*K21*H21 -> 7.1987787 | O21: DMD | Q21: =LEFT($B$2)&'EB1'!$C$25&$H$2&'EB1'!$J$2 -> TCAREGSL | R21: =$D$2&" "&$C$2& " Sector - "&""&$H$1&" "&'EB1'!$X$25&" - "&'EB1'!$J$3 -> Demand Technologies Transport Sector - Existing Cars - Motor spirit | S21: BPkm | T21: =$G$2 -> 000_Units | V21: DEMO
B22: =Q22 -> TPUBEDSL | C22: =$B$2&RIGHT(B22,3) -> TRADSL | D22: =$Q$6 -> DTPUB | E22: =('EB1'!G$9*'EB1'!$G$26*F22/(K22*G22))*1.01 -> 11.747719 | F22: 0.09 | G22: 55 | H22: 15 | I22: 0.24 | J22: 30 | K22: 0.001 | M22: =E22*G22*K22*H22 -> 9.6918686 | O22: DMD | Q22: =LEFT($B$2)&'EB1'!$C$26&$H$2&'EB1'!$G$2 -> TPUBEDSL | R22: =$D$2&" "&$C$2& " Sector - "&""&$H$1&" "&'EB1'!$X$26&" - "&'EB1'!$G$3 -> Demand Technologies Transport Sector - Existing Pub - Diesel oil | S22: BPkm | T22: =$G$2 -> 000_Units | V22: DEMO
B23: =Q23 -> TPUBELPG | C23: =$B$2&RIGHT(B23,3) -> TRALPG | D23: =$Q$6 -> DTPUB | E23: =('EB1'!I$9*'EB1'!$I$26*F23/(K23*G23))*1.01 -> 0.25847618 | F23: 0.38 | G23: 55 | H23: 15 | I23: 0.16 | J23: 30 | K23: 0.001 | M23: =E23*G23*K23*H23 -> 0.21324285 | O23: DMD | Q23: =LEFT($B$2)&'EB1'!$C$26&$H$2&'EB1'!$I$2 -> TPUBELPG | R23: =$D$2&" "&$C$2& " Sector - "&""&$H$1&" "&'EB1'!$X$26&" - "&'EB1'!$I$3 -> Demand Technologies Transport Sector - Existing Pub - LPG | S23: BPkm | T23: =$G$2 -> 000_Units | V23: DEMO
B24: =Q24 -> TMOTEGSL | C24: =$B$2&RIGHT(B24,3) -> TRAGSL | D24: =$Q$7 -> DTMOT | E24: =('EB1'!J$9*'EB1'!$J$27*F24/(K24*G24))*1.01 -> 2134.2262 | F24: 1.4 | G24: 8.5 | H24: 1.25 | I24: 0.15 | J24: 10 | K24: 0.001 | M24: =E24*G24*K24*H24 -> 22.676153 | O24: DMD | Q24: =LEFT($B$2)&'EB1'!$C$27&$H$2&'EB1'!$J$2 -> TMOTEGSL | R24: =$D$2&" "&$C$2& " Sector - "&""&$H$1&" "&'EB1'!$X$27&" - "&'EB1'!$J$3 -> Demand Technologies Transport Sector - Existing Motor - Motor spirit | S24: BPkm | T24: =$G$2 -> 000_Units | V24: DEMO
B25: =Q25 -> TRAIEHFO | C25: =$B$2&RIGHT(B25,3) -> TRAHFO | D25: =$Q$11 -> DTRAI | E25: =('EB1'!L$9*'EB1'!$L$31*F25/(K25*G25))*1.01 -> 25.363551 | F25: 1 | G25: 50 | H25: 1 | I25: 0.24 | J25: 30 | K25: 0.001 | M25: =E25*G25*K25*H25 -> 1.2681775 | O25: DMD | Q25: =LEFT($B$2)&'EB1'!$C$31&$H$2&'EB1'!$L$2 -> TRAIEHFO | R25: =$D$2&" "&$C$2& " Sector - "&""&$H$1&" "&'EB1'!$X$27&" - "&'EB1'!$L$3 -> Demand Technologies Transport Sector - Existing Motor - Heavy Fuel Oil | S25: BPkm | T25: =$G$2 -> 000_Units | V25: DEMO
B26: =Q26 -> TTRIELPG | C26: =$B$2&RIGHT(B26,3) -> TRALPG | D26: =$Q$8 -> DTTRI | E26: =('EB1'!I$9*'EB1'!$I$28*F26/(K26*G26))*1.01 -> 41.435545 | F26: 0.86 | G26: 22 | H26: 2.5 | I26: 0.24 | J26: 10 | K26: 0.001 | M26: =E26*G26*K26*H26 -> 2.278955 | O26: DMD | Q26: =LEFT($B$2)&'EB1'!$C$28&$H$2&'EB1'!$I$2 -> TTRIELPG | R26: =$D$2&" "&$C$2& " Sector - "&""&$H$1&" "&'EB1'!$X$27&" - "&'EB1'!$I$3 -> Demand Technologies Transport Sector - Existing Motor - LPG | S26: BPkm | T26: =$G$2 -> 000_Units | V26: DEMO
B27: =Q27 -> TTRIEGSL | C27: =$B$2&RIGHT(B27,3) -> TRAGSL | D27: =$Q$8 -> DTTRI | E27: =('EB1'!J$9*'EB1'!$J$28*F27/(K27*G27))*1.01 -> 45.155975 | F27: 0.69 | G27: 22 | H27: 2.5 | I27: 0.225 | J27: 10 | K27: 0.001 | M27: =E27*G27*K27*H27 -> 2.4835786 | O27: DMD | Q27: =LEFT($B$2)&'EB1'!$C$28&$H$2&'EB1'!$J$2 -> TTRIEGSL | R27: =$D$2&" "&$C$2& " Sector - "&""&$H$1&" "&'EB1'!$X$27&" - "&'EB1'!$J$3 -> Demand Technologies Transport Sector - Existing Motor - Motor spirit | S27: BPkm | T27: =$G$2 -> 000_Units | V27: DEMO
B28: =Q28 -> TFREEDSL | C28: =$B$2&RIGHT(B28,3) -> TRADSL | D28: =$Q$9 -> DTFRE | E28: =('EB1'!G$9*'EB1'!$G$29*F28/(K28*G28))*1.01 -> 203.52924 | F28: 0.27 | G28: 50 | H28: 1 | I28: 0.24 | J28: 30 | K28: 0.001 | M28: =E28*G28*K28*H28 -> 10.176462 | O28: DMD | Q28: =LEFT($B$2)&'EB1'!$C$29&$H$2&'EB1'!$G$2 -> TFREEDSL | R28: =$D$2&" "&$C$2& " Sector - "&""&$H$1&" "&'EB1'!$X$27&" - "&'EB1'!$G$3 -> Demand Technologies Transport Sector - Existing Motor - Diesel oil | S28: BPkm | T28: =$G$2 -> 000_Units | V28: DEMO
B29: =Q29 -> TAVIEKER | C29: =$B$2&RIGHT(B29,3) -> TRAKER | D29: =$Q$10 -> DTAVI | E29: =('EB1'!H$9*'EB1'!$H$30*F29/(K29*G29))*1.01 -> 9.0679557 | F29: 0.3 | G29: 100 | H29: 1 | I29: 0.225 | J29: 30 | K29: 0.001 | M29: =E29*G29*K29*H29 -> 0.90679557 | O29: DMD | Q29: =LEFT($B$2)&'EB1'!$C$30&$H$2&'EB1'!$H$2 -> TAVIEKER | R29: =$D$2&" "&$C$2& " Sector - "&""&$H$1&" "&'EB1'!$X$27&" - "&'EB1'!$H$3 -> Demand Technologies Transport Sector - Existing Motor - Kerosenes | S29: BPkm | T29: =$G$2 -> 000_Units | V29: DEMO
B30: =Q30 -> TMAREDSL | C30: =$B$2&RIGHT(B30,3) -> TRADSL | D30: =$Q$12 -> DTMAR | E30: =('EB1'!G$9*'EB1'!$G$32*F30/(K30*G30))*1.01 -> 35.895809 | F30: 1 | G30: 50 | H30: 1 | I30: 0.24 | J30: 30 | K30: 0.001 | M30: =E30*G30*K30*H30 -> 1.7947905 | O30: DMD | Q30: =LEFT($B$2)&'EB1'!$C$32&$H$2&'EB1'!$G$2 -> TMAREDSL | R30: =$D$2&" "&$C$2& " Sector - "&""&$H$1&" "&'EB1'!$X$27&" - "&'EB1'!$G$3 -> Demand Technologies Transport Sector - Existing Motor - Diesel oil | S30: BPkm | T30: =$G$2 -> 000_Units | V30: DEMO
B31: =Q31 -> TMAREGSL | C31: =$B$2&RIGHT(B31,3) -> TRAGSL | D31: =$Q$12 -> DTMAR | E31: =('EB1'!J$9*'EB1'!$J$32*F31/(K31*G31))*1.01 -> 0 | F31: 0.15 | G31: 20 | H31: 1 | I31: 0.225 | J31: 30 | K31: 0.001 | M31: =E31*G31*K31*H31 -> 0 | O31: DMD | Q31: =LEFT($B$2)&'EB1'!$C$32&$H$2&'EB1'!$J$2 -> TMAREGSL | R31: =$D$2&" "&$C$2& " Sector - "&""&$H$1&" "&'EB1'!$X$27&" - "&'EB1'!$J$3 -> Demand Technologies Transport Sector - Existing Motor - Motor spirit | S31: BPkm | T31: =$G$2 -> 000_Units | V31: DEMO
C34: User inputs
C35: Linked to the Energy Balance

Sheet Demands
B1: Sector Name | C1: Commodity | D1: Description | E1: Default Unit | G1: Currency Unit
B2: DEM | E2: =DemTechs_TRA!S5 -> BPkm | G2: ='EB1'!Y2 -> M$2021
C5: ~FI_T | I5: ~FI_T
B6: Attribute | C6: CommName | D6: *Unit | E6: 2021 | G6: Attribute | H6: CommName | I6: Timeslices | J6: 2021
B7: * | C7: Demand Commodity Name | D7: Demand Unit | E7: Demand Value | G7: * | H7: Demand Commodity Name
B8: *Units | E8: =E2 -> BPkm | G8: *Units
B9: Demand | C9: =DemTechs_TRA!$Q$5 -> DTCAR | D9: Bpass*km | E9: =SUMIF(DemTechs_TRA!D$19:D$31,Demands!C9,DemTechs_TRA!M$19:M$31) -> 13.70867 | G9: COM_FR | H9: =DemTechs_TRA!$Q$5 -> DTCAR | I9: DD | J9: 0.4
B10: Demand | C10: =DemTechs_TRA!$Q$6 -> DTPUB | D10: Bpass*km | E10: =SUMIF(DemTechs_TRA!D$19:D$31,Demands!C10,DemTechs_TRA!M$19:M$31) -> 9.9051114 | G10: COM_FR | H10: =DemTechs_TRA!$Q$5 -> DTCAR | I10: DN | J10: 0.15
B11: Demand | C11: =DemTechs_TRA!$Q$7 -> DTMOT | D11: Bpass*km | E11: =SUMIF(DemTechs_TRA!D$19:D$31,Demands!C11,DemTechs_TRA!M$19:M$31) -> 22.676153 | G11: COM_FR | H11: =DemTechs_TRA!$Q$5 -> DTCAR | I11: RD | J11: 0.35
B12: Demand | C12: =DemTechs_TRA!$Q$8 -> DTTRI | D12: Bpass*km | E12: =SUMIF(DemTechs_TRA!D$19:D$31,Demands!C12,DemTechs_TRA!M$19:M$31) -> 4.7625336 | G12: COM_FR | H12: =DemTechs_TRA!$Q$5 -> DTCAR | I12: RN | J12: 0.1
B13: Demand | C13: =DemTechs_TRA!$Q$9 -> DTFRE | D13: Bpass*km | E13: =SUMIF(DemTechs_TRA!D$19:D$31,Demands!C13,DemTechs_TRA!M$19:M$31) -> 10.176462 | G13: COM_FR | H13: =DemTechs_TRA!$Q$6 -> DTPUB | I13: DD | J13: 0.48
B14: Demand | C14: =DemTechs_TRA!$Q$10 -> DTAVI | D14: Bpass*km | E14: =SUMIF(DemTechs_TRA!D$19:D$31,Demands!C14,DemTechs_TRA!M$19:M$31) -> 0.90679557 | G14: COM_FR | H14: =DemTechs_TRA!$Q$6 -> DTPUB | I14: DN | J14: 0.04
B15: Demand | C15: =DemTechs_TRA!$Q$11 -> DTRAI | D15: Bpass*km | E15: =SUMIF(DemTechs_TRA!D$19:D$31,Demands!C15,DemTechs_TRA!M$19:M$31) -> 1.2681775 | G15: COM_FR | H15: =DemTechs_TRA!$Q$6 -> DTPUB | I15: RD | J15: 0.45
B16: Demand | C16: =DemTechs_TRA!$Q$12 -> DTMAR | D16: Bpass*km | E16: =SUMIF(DemTechs_TRA!D$19:D$31,Demands!C16,DemTechs_TRA!M$19:M$31) -> 1.7947905 | G16: COM_FR | H16: =DemTechs_TRA!$Q$6 -> DTPUB | I16: RN | J16: 0.03
G17: COM_FR | H17: =DemTechs_TRA!$Q$7 -> DTMOT | I17: DD | J17: 0.4
G18: COM_FR | H18: =DemTechs_TRA!$Q$7 -> DTMOT | I18: DN | J18: 0.15
G19: COM_FR | H19: =DemTechs_TRA!$Q$7 -> DTMOT | I19: RD | J19: 0.35
G20: COM_FR | H20: =DemTechs_TRA!$Q$7 -> DTMOT | I20: RN | J20: 0.1
G21: COM_FR | H21: =DemTechs_TRA!$Q$8 -> DTTRI | I21: DD | J21: 0.35
G22: COM_FR | H22: =DemTechs_TRA!$Q$8 -> DTTRI | I22: DN | J22: 0.18
G23: COM_FR | H23: =DemTechs_TRA!$Q$8 -> DTTRI | I23: RD | J23: 0.35
G24: COM_FR | H24: =DemTechs_TRA!$Q$8 -> DTTRI | I24: RN | J24: 0.12
G25: COM_FR | H25: =DemTechs_TRA!$Q$9 -> DTFRE | I25: DD | J25: 0.2
C26: User inputs | G26: COM_FR | H26: =DemTechs_TRA!$Q$9 -> DTFRE | I26: DN | J26: 0.32
C27: Linked to the Energy Balance | G27: COM_FR | H27: =DemTechs_TRA!$Q$9 -> DTFRE | I27: RD | J27: 0.18
G28: COM_FR | H28: =DemTechs_TRA!$Q$9 -> DTFRE | I28: RN | J28: 0.3
G29: COM_FR | H29: =DemTechs_TRA!$Q$10 -> DTAVI | I29: DD | J29: 0.42
G30: COM_FR | H30: =DemTechs_TRA!$Q$10 -> DTAVI | I30: DN | J30: 0.12
G31: COM_FR | H31: =DemTechs_TRA!$Q$10 -> DTAVI | I31: RD | J31: 0.36
G32: COM_FR | H32: =DemTechs_TRA!$Q$10 -> DTAVI | I32: RN | J32: 0.1
G33: COM_FR | H33: =DemTechs_TRA!$Q$11 -> DTRAI | I33: DD | J33: 0.5
G34: COM_FR | H34: =DemTechs_TRA!$Q$11 -> DTRAI | I34: DN | J34: 0
G35: COM_FR | H35: =DemTechs_TRA!$Q$11 -> DTRAI | I35: RD | J35: 0.5
G36: COM_FR | H36: =DemTechs_TRA!$Q$11 -> DTRAI | I36: RN | J36: 0
G37: COM_FR | H37: =DemTechs_TRA!$Q$12 -> DTMAR | I37: DD | J37: 0.23
G38: COM_FR | H38: =DemTechs_TRA!$Q$12 -> DTMAR | I38: DN | J38: 0.22
G39: COM_FR | H39: =DemTechs_TRA!$Q$12 -> DTMAR | I39: RD | J39: 0.28
G40: COM_FR | H40: =DemTechs_TRA!$Q$12 -> DTMAR | I40: RN | J40: 0.27

Sheet Emi
B3: Dynamic coefficients for combustion emissions in transport
B5: ~COMEMI
B6: CommName | C6: =Sector_Fuels_TRA!L5 -> TRAGAS | D6: =Sector_Fuels_TRA!L6 -> TRADSL | E6: =Sector_Fuels_TRA!L7 -> TRALPG | F6: =Sector_Fuels_TRA!L8 -> TRAGSL | G6: TRABIO
B7: *Units | C7: kt/PJ | D7: kt/PJ | E7: kt/PJ | F7: kt/PJ | G7: kt/PJ
B8: =DemTechs_TRA!Q13 -> TRACO2 | C8: 56.1 | D8: 75 | E8: 64 | F8: 73 | G8: 112
C23: User inputs
C24: Linked to the Energy Balance
